{
  "r0_ey-2": {
    "l": 0.0,
    "f": 0.0,
    "r": 0.0
  },
  "r1_ey-2": {
    "l": 0.0,
    "f": 0.0,
    "r": 0.0
  },
  "r2_ey-2": {
    "l": 0.0,
    "f": 0.0,
    "r": 0.0
  },
  "r3_ey-2": {
    "l": 0.0,
    "f": 0.0,
    "r": 0.0
  },
  "r4_ey-2": {
    "l": 0.0,
    "f": 0.0,
    "r": 0.0
  },
  "r0_ey-1": {
    "l": 0.0,
    "f": 0.0,
    "r": 0.0
  },
  "r1_ey-1": {
    "l": 0.0,
    "f": 0.0,
    "r": 0.0
  },
  "r2_ey-1": {
    "l": 0.0,
    "f": 0.0,
    "r": 0.0
  },
  "r3_ey-1": {
    "l": 0.0,
    "f": 0.0,
    "r": 0.0
  },
  "r4_ey-1": {
    "l": 0.1560419689648053,
    "f": 0.0,
    "r": 0.0
  },
  "r0_ey0": {
    "l": 0.1,
    "f": 0.0,
    "r": 0.0
  },
  "r1_ey0": {
    "l": 0.009000000000000001,
    "f": 0.0,
    "r": 0.0
  },
  "r2_ey0": {
    "l": 0.0008100000000000003,
    "f": 0.0,
    "r": 0.0
  },
  "r3_ey0": {
    "l": 7.290000000000004e-05,
    "f": 0.0,
    "r": 0.0
  },
  "r4_ey0": {
    "l": 6.906315789473689e-06,
    "f": 0.19588666766270685,
    "r": 0.17337996551645035
  },
  "r0_ey1": {
    "l": 0.009000000000000001,
    "f": 0.0,
    "r": 0.0
  },
  "r1_ey1": {
    "l": 0.06466263157894737,
    "f": 0.0,
    "r": 0.0
  },
  "r2_ey1": {
    "l": 0.01636883351800554,
    "f": 0.0,
    "r": 0.0
  },
  "r3_ey1": {
    "l": 0.0024729379122321047,
    "f": 0.0,
    "r": 0.0
  },
  "r4_ey1": {
    "l": 0.0003383036859600527,
    "f": 0.0,
    "r": 0.058367622460440305
  },
  "r0_ey2": {
    "l": 0.0008526315789473687,
    "f": 0.0,
    "r": 0.0
  },
  "r1_ey2": {
    "l": 0.01736172299168975,
    "f": 0.0,
    "r": 0.0
  },
  "r2_ey2": {
    "l": 0.06088913270447588,
    "f": 0.0,
    "r": 0.0
  },
  "r3_ey2": {
    "l": 0.06900205115935268,
    "f": 0.0,
    "r": 0.0
  },
  "r4_ey2": {
    "l": 0.0,
    "f": 0.0006328101052631584,
    "r": 0.06485291384493366
  }
}