{
  "r0_ey0": 0.0,
  "r1_ey0": 0.0,
  "r2_ey0": 0.0,
  "r3_ey0": 0.0,
  "r4_ey0": 0.0,
  "r0_ey1": 0.0,
  "r1_ey1": 0.0,
  "r2_ey1": 0.0,
  "r3_ey1": 0.0,
  "r4_ey1": 0.15856831141565822,
  "r0_ey2": 0.0,
  "r1_ey2": 0.0,
  "r2_ey2": 0.0,
  "r3_ey2": 0.0,
  "r4_ey2": 0.37008337877241587,
  "r0_ey3": 0.10000000000000003,
  "r1_ey3": 0.009473684210526322,
  "r2_ey3": 0.0008975069252077567,
  "r3_ey3": 8.502697186178748e-05,
  "r4_ey3": 0.05874757938474998,
  "r0_ey4": 0.009473684210526322,
  "r1_ey4": 0.07573961218836567,
  "r2_ey4": 0.07927006852310836,
  "r3_ey4": 0.07239550663362009,
  "r4_ey4": 0.06526564076395977
}