{
  "r0_ey-2": 0.0,
  "r1_ey-2": 0.0,
  "r2_ey-2": 0.0,
  "r3_ey-2": 0.0,
  "r4_ey-2": 0.0,
  "r0_ey-1": 0.0,
  "r1_ey-1": 0.0,
  "r2_ey-1": 0.0,
  "r3_ey-1": 0.0,
  "r4_ey-1": 0.1560419689648053,
  "r0_ey0": 0.1,
  "r1_ey0": 0.009000000000000001,
  "r2_ey0": 0.0008100000000000003,
  "r3_ey0": 7.290000000000004e-05,
  "r4_ey0": 0.3692735394949466,
  "r0_ey1": 0.009000000000000001,
  "r1_ey1": 0.06466263157894737,
  "r2_ey1": 0.01636883351800554,
  "r3_ey1": 0.0024729379122321047,
  "r4_ey1": 0.05870592614640037,
  "r0_ey2": 0.0008526315789473687,
  "r1_ey2": 0.01736172299168975,
  "r2_ey2": 0.06088913270447588,
  "r3_ey2": 0.06900205115935268,
  "r4_ey2": 0.06548572395019683
}